fecha,us_10a
1962-01-01,4.100000
1962-02-01,4.000000
1962-03-01,3.860000
1962-04-01,3.860000
1962-05-01,3.900000
1962-06-01,4.000000
1962-07-01,4.040000
1962-08-01,3.960000
1962-09-01,3.940000
1962-10-01,3.920000
1962-11-01,3.920000
1962-12-01,3.850000
1963-01-01,3.870000
1963-02-01,3.940000
1963-03-01,3.950000
1963-04-01,3.950000
1963-05-01,3.960000
1963-06-01,4.000000
1963-07-01,4.000000
1963-08-01,4.020000
1963-09-01,4.070000
1963-10-01,4.150000
1963-11-01,4.080000
1963-12-01,4.140000
1964-01-01,4.150000
1964-02-01,4.180000
1964-03-01,4.230000
1964-04-01,4.220000
1964-05-01,4.190000
1964-06-01,4.150000
1964-07-01,4.190000
1964-08-01,4.210000
1964-09-01,4.180000
1964-10-01,4.160000
1964-11-01,4.200000
1964-12-01,4.210000
1965-01-01,4.190000
1965-02-01,4.220000
1965-03-01,4.200000
1965-04-01,4.210000
1965-05-01,4.230000
1965-06-01,4.200000
1965-07-01,4.220000
1965-08-01,4.270000
1965-09-01,4.350000
1965-10-01,4.410000
1965-11-01,4.480000
1965-12-01,4.650000
1966-01-01,4.690000
1966-02-01,5.020000
1966-03-01,4.710000
1966-04-01,4.790000
1966-05-01,4.800000
1966-06-01,4.970000
1966-07-01,5.050000
1966-08-01,5.360000
1966-09-01,5.020000
1966-10-01,4.970000
1966-11-01,5.120000
1966-12-01,4.640000
1967-01-01,4.520000
1967-02-01,4.720000
1967-03-01,4.500000
1967-04-01,4.780000
1967-05-01,4.810000
1967-06-01,5.220000
1967-07-01,5.160000
1967-08-01,5.270000
1967-09-01,5.310000
1967-10-01,5.640000
1967-11-01,5.740000
1967-12-01,5.700000
1968-01-01,5.540000
1968-02-01,5.560000
1968-03-01,5.760000
1968-04-01,5.740000
1968-05-01,5.860000
1968-06-01,5.640000
1968-07-01,5.390000
1968-08-01,5.420000
1968-09-01,5.490000
1968-10-01,5.610000
1968-11-01,5.780000
1968-12-01,6.160000
1969-01-01,6.190000
1969-02-01,6.260000
1969-03-01,6.300000
1969-04-01,6.200000
1969-05-01,6.560000
1969-06-01,6.730000
1969-07-01,6.660000
1969-08-01,6.830000
1969-09-01,7.510000
1969-10-01,6.940000
1969-11-01,7.290000
1969-12-01,7.880000
1970-01-01,7.750000
1970-02-01,6.900000
1970-03-01,7.080000
1970-04-01,7.820000
1970-05-01,7.950000
1970-06-01,7.680000
1970-07-01,7.380000
1970-08-01,7.490000
1970-09-01,7.290000
1970-10-01,7.330000
1970-11-01,6.490000
1970-12-01,6.500000
1971-01-01,6.090000
1971-02-01,6.140000
1971-03-01,5.530000
1971-04-01,6.080000
1971-05-01,6.380000
1971-06-01,6.700000
1971-07-01,6.850000
1971-08-01,6.280000
1971-09-01,6.000000
1971-10-01,5.870000
1971-11-01,5.930000
1971-12-01,5.890000
1972-01-01,6.090000
1972-02-01,6.040000
1972-03-01,6.120000
1972-04-01,6.140000
1972-05-01,6.050000
1972-06-01,6.150000
1972-07-01,6.120000
1972-08-01,6.420000
1972-09-01,6.540000
1972-10-01,6.410000
1972-11-01,6.280000
1972-12-01,6.410000
1973-01-01,6.540000
1973-02-01,6.640000
1973-03-01,6.730000
1973-04-01,6.700000
1973-05-01,6.930000
1973-06-01,6.940000
1973-07-01,7.430000
1973-08-01,7.250000
1973-09-01,6.900000
1973-10-01,6.710000
1973-11-01,6.690000
1973-12-01,6.900000
1974-01-01,7.000000
1974-02-01,7.010000
1974-03-01,7.410000
1974-04-01,7.660000
1974-05-01,7.520000
1974-06-01,7.640000
1974-07-01,7.890000
1974-08-01,8.110000
1974-09-01,7.940000
1974-10-01,7.790000
1974-11-01,7.640000
1974-12-01,7.400000
1975-01-01,7.530000
1975-02-01,7.460000
1975-03-01,8.010000
1975-04-01,8.310000
1975-05-01,8.040000
1975-06-01,7.960000
1975-07-01,8.200000
1975-08-01,8.220000
1975-09-01,8.480000
1975-10-01,7.910000
1975-11-01,8.140000
1975-12-01,7.760000
1976-01-01,7.800000
1976-02-01,7.770000
1976-03-01,7.660000
1976-04-01,7.670000
1976-05-01,7.960000
1976-06-01,7.860000
1976-07-01,7.860000
1976-08-01,7.660000
1976-09-01,7.550000
1976-10-01,7.420000
1976-11-01,7.010000
1976-12-01,6.810000
1977-01-01,7.400000
1977-02-01,7.450000
1977-03-01,7.420000
1977-04-01,7.450000
1977-05-01,7.380000
1977-06-01,7.200000
1977-07-01,7.420000
1977-08-01,7.280000
1977-09-01,7.410000
1977-10-01,7.620000
1977-11-01,7.550000
1977-12-01,7.780000
1978-01-01,7.940000
1978-02-01,8.040000
1978-03-01,8.150000
1978-04-01,8.240000
1978-05-01,8.420000
1978-06-01,8.620000
1978-07-01,8.560000
1978-08-01,8.390000
1978-09-01,8.560000
1978-10-01,8.960000
1978-11-01,8.860000
1978-12-01,9.150000
1979-01-01,8.950000
1979-02-01,9.170000
1979-03-01,9.110000
1979-04-01,9.350000
1979-05-01,9.060000
1979-06-01,8.810000
1979-07-01,9.010000
1979-08-01,9.240000
1979-09-01,9.440000
1979-10-01,10.720000
1979-11-01,10.380000
1979-12-01,10.330000
1980-01-01,11.130000
1980-02-01,12.720000
1980-03-01,12.640000
1980-04-01,10.760000
1980-05-01,10.250000
1980-06-01,10.090000
1980-07-01,10.760000
1980-08-01,11.550000
1980-09-01,11.860000
1980-10-01,12.460000
1980-11-01,12.720000
1980-12-01,12.430000
1981-01-01,12.680000
1981-02-01,13.430000
1981-03-01,13.130000
1981-04-01,14.110000
1981-05-01,13.500000
1981-06-01,13.860000
1981-07-01,14.670000
1981-08-01,15.410000
1981-09-01,15.840000
1981-10-01,14.630000
1981-11-01,13.130000
1981-12-01,13.980000
1982-01-01,14.140000
1982-02-01,14.030000
1982-03-01,14.180000
1982-04-01,13.870000
1982-05-01,13.710000
1982-06-01,14.440000
1982-07-01,13.680000
1982-08-01,12.810000
1982-09-01,11.730000
1982-10-01,10.710000
1982-11-01,10.790000
1982-12-01,10.360000
1983-01-01,10.800000
1983-02-01,10.270000
1983-03-01,10.620000
1983-04-01,10.270000
1983-05-01,10.810000
1983-06-01,10.960000
1983-07-01,11.760000
1983-08-01,11.980000
1983-09-01,11.440000
1983-10-01,11.740000
1983-11-01,11.630000
1983-12-01,11.820000
1984-01-01,11.670000
1984-02-01,12.040000
1984-03-01,12.530000
1984-04-01,12.820000
1984-05-01,13.910000
1984-06-01,13.840000
1984-07-01,12.910000
1984-08-01,12.790000
1984-09-01,12.470000
1984-10-01,11.790000
1984-11-01,11.580000
1984-12-01,11.550000
1985-01-01,11.170000
1985-02-01,11.910000
1985-03-01,11.650000
1985-04-01,11.410000
1985-05-01,10.280000
1985-06-01,10.250000
1985-07-01,10.570000
1985-08-01,10.280000
1985-09-01,10.310000
1985-10-01,10.010000
1985-11-01,9.590000
1985-12-01,9.000000
1986-01-01,9.080000
1986-02-01,8.130000
1986-03-01,7.390000
1986-04-01,7.380000
1986-05-01,8.050000
1986-06-01,7.350000
1986-07-01,7.340000
1986-08-01,6.950000
1986-09-01,7.450000
1986-10-01,7.340000
1986-11-01,7.150000
1986-12-01,7.230000
1987-01-01,7.180000
1987-02-01,7.190000
1987-03-01,7.510000
1987-04-01,8.210000
1987-05-01,8.490000
1987-06-01,8.380000
1987-07-01,8.660000
1987-08-01,9.000000
1987-09-01,9.630000
1987-10-01,8.880000
1987-11-01,8.990000
1987-12-01,8.830000
1988-01-01,8.260000
1988-02-01,8.160000
1988-03-01,8.570000
1988-04-01,8.870000
1988-05-01,9.200000
1988-06-01,8.820000
1988-07-01,9.120000
1988-08-01,9.250000
1988-09-01,8.870000
1988-10-01,8.650000
1988-11-01,9.060000
1988-12-01,9.140000
1989-01-01,9.010000
1989-02-01,9.320000
1989-03-01,9.300000
1989-04-01,9.020000
1989-05-01,8.600000
1989-06-01,8.100000
1989-07-01,7.820000
1989-08-01,8.260000
1989-09-01,8.310000
1989-10-01,7.920000
1989-11-01,7.840000
1989-12-01,7.930000
1990-01-01,8.430000
1990-02-01,8.510000
1990-03-01,8.650000
1990-04-01,9.040000
1990-05-01,8.600000
1990-06-01,8.430000
1990-07-01,8.360000
1990-08-01,8.860000
1990-09-01,8.820000
1990-10-01,8.650000
1990-11-01,8.260000
1990-12-01,8.080000
1991-01-01,8.030000
1991-02-01,8.020000
1991-03-01,8.050000
1991-04-01,8.020000
1991-05-01,8.060000
1991-06-01,8.240000
1991-07-01,8.200000
1991-08-01,7.820000
1991-09-01,7.470000
1991-10-01,7.470000
1991-11-01,7.380000
1991-12-01,6.710000
1992-01-01,7.310000
1992-02-01,7.270000
1992-03-01,7.540000
1992-04-01,7.610000
1992-05-01,7.330000
1992-06-01,7.140000
1992-07-01,6.720000
1992-08-01,6.620000
1992-09-01,6.370000
1992-10-01,6.800000
1992-11-01,6.950000
1992-12-01,6.700000
1993-01-01,6.390000
1993-02-01,6.030000
1993-03-01,6.030000
1993-04-01,6.050000
1993-05-01,6.160000
1993-06-01,5.800000
1993-07-01,5.830000
1993-08-01,5.450000
1993-09-01,5.400000
1993-10-01,5.430000
1993-11-01,5.830000
1993-12-01,5.830000
1994-01-01,5.700000
1994-02-01,6.150000
1994-03-01,6.770000
1994-04-01,7.060000
1994-05-01,7.170000
1994-06-01,7.340000
1994-07-01,7.120000
1994-08-01,7.190000
1994-09-01,7.620000
1994-10-01,7.810000
1994-11-01,7.910000
1994-12-01,7.840000
1995-01-01,7.600000
1995-02-01,7.220000
1995-03-01,7.200000
1995-04-01,7.070000
1995-05-01,6.300000
1995-06-01,6.210000
1995-07-01,6.450000
1995-08-01,6.280000
1995-09-01,6.170000
1995-10-01,6.030000
1995-11-01,5.760000
1995-12-01,5.580000
1996-01-01,5.600000
1996-02-01,6.130000
1996-03-01,6.340000
1996-04-01,6.660000
1996-05-01,6.850000
1996-06-01,6.730000
1996-07-01,6.800000
1996-08-01,6.960000
1996-09-01,6.720000
1996-10-01,6.370000
1996-11-01,6.060000
1996-12-01,6.430000
1997-01-01,6.530000
1997-02-01,6.560000
1997-03-01,6.920000
1997-04-01,6.720000
1997-05-01,6.670000
1997-06-01,6.510000
1997-07-01,6.020000
1997-08-01,6.340000
1997-09-01,6.120000
1997-10-01,5.840000
1997-11-01,5.860000
1997-12-01,5.750000
1998-01-01,5.530000
1998-02-01,5.620000
1998-03-01,5.670000
1998-04-01,5.680000
1998-05-01,5.560000
1998-06-01,5.440000
1998-07-01,5.500000
1998-08-01,5.050000
1998-09-01,4.440000
1998-10-01,4.640000
1998-11-01,4.740000
1998-12-01,4.650000
1999-01-01,4.660000
1999-02-01,5.290000
1999-03-01,5.250000
1999-04-01,5.360000
1999-05-01,5.640000
1999-06-01,5.810000
1999-07-01,5.920000
1999-08-01,5.980000
1999-09-01,5.900000
1999-10-01,6.020000
1999-11-01,6.180000
1999-12-01,6.450000
2000-01-01,6.680000
2000-02-01,6.420000
2000-03-01,6.030000
2000-04-01,6.230000
2000-05-01,6.290000
2000-06-01,6.030000
2000-07-01,6.040000
2000-08-01,5.730000
2000-09-01,5.800000
2000-10-01,5.770000
2000-11-01,5.480000
2000-12-01,5.120000
2001-01-01,5.190000
2001-02-01,4.920000
2001-03-01,4.930000
2001-04-01,5.350000
2001-05-01,5.430000
2001-06-01,5.420000
2001-07-01,5.070000
2001-08-01,4.850000
2001-09-01,4.600000
2001-10-01,4.300000
2001-11-01,4.780000
2001-12-01,5.070000
2002-01-01,5.070000
2002-02-01,4.880000
2002-03-01,5.420000
2002-04-01,5.110000
2002-05-01,5.080000
2002-06-01,4.860000
2002-07-01,4.510000
2002-08-01,4.140000
2002-09-01,3.630000
2002-10-01,3.930000
2002-11-01,4.220000
2002-12-01,3.830000
2003-01-01,4.000000
2003-02-01,3.710000
2003-03-01,3.830000
2003-04-01,3.890000
2003-05-01,3.370000
2003-06-01,3.540000
2003-07-01,4.490000
2003-08-01,4.450000
2003-09-01,3.960000
2003-10-01,4.330000
2003-11-01,4.340000
2003-12-01,4.270000
2004-01-01,4.160000
2004-02-01,3.990000
2004-03-01,3.860000
2004-04-01,4.530000
2004-05-01,4.660000
2004-06-01,4.620000
2004-07-01,4.500000
2004-08-01,4.130000
2004-09-01,4.140000
2004-10-01,4.050000
2004-11-01,4.360000
2004-12-01,4.240000
2005-01-01,4.140000
2005-02-01,4.360000
2005-03-01,4.500000
2005-04-01,4.210000
2005-05-01,4.000000
2005-06-01,3.940000
2005-07-01,4.280000
2005-08-01,4.020000
2005-09-01,4.340000
2005-10-01,4.570000
2005-11-01,4.490000
2005-12-01,4.390000
2006-01-01,4.530000
2006-02-01,4.550000
2006-03-01,4.860000
2006-04-01,5.070000
2006-05-01,5.120000
2006-06-01,5.150000
2006-07-01,4.990000
2006-08-01,4.740000
2006-09-01,4.640000
2006-10-01,4.610000
2006-11-01,4.460000
2006-12-01,4.710000
2007-01-01,4.830000
2007-02-01,4.560000
2007-03-01,4.650000
2007-04-01,4.630000
2007-05-01,4.900000
2007-06-01,5.030000
2007-07-01,4.780000
2007-08-01,4.540000
2007-09-01,4.590000
2007-10-01,4.480000
2007-11-01,3.970000
2007-12-01,4.040000
2008-01-01,3.670000
2008-02-01,3.530000
2008-03-01,3.450000
2008-04-01,3.770000
2008-05-01,4.060000
2008-06-01,3.990000
2008-07-01,3.990000
2008-08-01,3.830000
2008-09-01,3.850000
2008-10-01,4.010000
2008-11-01,2.930000
2008-12-01,2.250000
2009-01-01,2.870000
2009-02-01,3.020000
2009-03-01,2.710000
2009-04-01,3.160000
2009-05-01,3.470000
2009-06-01,3.530000
2009-07-01,3.520000
2009-08-01,3.400000
2009-09-01,3.310000
2009-10-01,3.410000
2009-11-01,3.210000
2009-12-01,3.850000
2010-01-01,3.630000
2010-02-01,3.610000
2010-03-01,3.840000
2010-04-01,3.690000
2010-05-01,3.310000
2010-06-01,2.970000
2010-07-01,2.940000
2010-08-01,2.470000
2010-09-01,2.530000
2010-10-01,2.630000
2010-11-01,2.810000
2010-12-01,3.300000
2011-01-01,3.420000
2011-02-01,3.420000
2011-03-01,3.470000
2011-04-01,3.320000
2011-05-01,3.050000
2011-06-01,3.180000
2011-07-01,2.820000
2011-08-01,2.230000
2011-09-01,1.920000
2011-10-01,2.170000
2011-11-01,2.080000
2011-12-01,1.890000
2012-01-01,1.830000
2012-02-01,1.980000
2012-03-01,2.230000
2012-04-01,1.950000
2012-05-01,1.590000
2012-06-01,1.670000
2012-07-01,1.510000
2012-08-01,1.570000
2012-09-01,1.650000
2012-10-01,1.720000
2012-11-01,1.620000
2012-12-01,1.780000
2013-01-01,2.020000
2013-02-01,1.890000
2013-03-01,1.870000
2013-04-01,1.700000
2013-05-01,2.160000
2013-06-01,2.520000
2013-07-01,2.600000
2013-08-01,2.780000
2013-09-01,2.640000
2013-10-01,2.570000
2013-11-01,2.750000
2013-12-01,3.040000
2014-01-01,2.670000
2014-02-01,2.660000
2014-03-01,2.730000
2014-04-01,2.670000
2014-05-01,2.480000
2014-06-01,2.530000
2014-07-01,2.580000
2014-08-01,2.350000
2014-09-01,2.520000
2014-10-01,2.350000
2014-11-01,2.180000
2014-12-01,2.170000
2015-01-01,1.680000
2015-02-01,2.000000
2015-03-01,1.940000
2015-04-01,2.050000
2015-05-01,2.120000
2015-06-01,2.350000
2015-07-01,2.200000
2015-08-01,2.210000
2015-09-01,2.060000
2015-10-01,2.160000
2015-11-01,2.210000
2015-12-01,2.270000
2016-01-01,1.940000
2016-02-01,1.740000
2016-03-01,1.780000
2016-04-01,1.830000
2016-05-01,1.840000
2016-06-01,1.490000
2016-07-01,1.460000
2016-08-01,1.580000
2016-09-01,1.600000
2016-10-01,1.840000
2016-11-01,2.370000
2016-12-01,2.450000
2017-01-01,2.450000
2017-02-01,2.360000
2017-03-01,2.400000
2017-04-01,2.290000
2017-05-01,2.210000
2017-06-01,2.310000
2017-07-01,2.300000
2017-08-01,2.120000
2017-09-01,2.330000
2017-10-01,2.380000
2017-11-01,2.420000
2017-12-01,2.400000
2018-01-01,2.720000
2018-02-01,2.870000
2018-03-01,2.740000
2018-04-01,2.950000
2018-05-01,2.830000
2018-06-01,2.850000
2018-07-01,2.960000
2018-08-01,2.860000
2018-09-01,3.050000
2018-10-01,3.150000
2018-11-01,3.010000
2018-12-01,2.690000
2019-01-01,2.630000
2019-02-01,2.730000
2019-03-01,2.410000
2019-04-01,2.510000
2019-05-01,2.140000
2019-06-01,2.000000
2019-07-01,2.020000
2019-08-01,1.500000
2019-09-01,1.680000
2019-10-01,1.690000
2019-11-01,1.780000
2019-12-01,1.920000
2020-01-01,1.510000
2020-02-01,1.130000
2020-03-01,0.700000
2020-04-01,0.640000
2020-05-01,0.650000
2020-06-01,0.660000
2020-07-01,0.550000
2020-08-01,0.720000
2020-09-01,0.690000
2020-10-01,0.880000
2020-11-01,0.840000
2020-12-01,0.930000
2021-01-01,1.110000
2021-02-01,1.440000
2021-03-01,1.740000
2021-04-01,1.650000
2021-05-01,1.580000
2021-06-01,1.450000
2021-07-01,1.240000
2021-08-01,1.300000
2021-09-01,1.520000
2021-10-01,1.550000
2021-11-01,1.430000
2021-12-01,1.520000
2022-01-01,1.790000
2022-02-01,1.830000
2022-03-01,2.320000
2022-04-01,2.890000
2022-05-01,2.850000
2022-06-01,2.980000
2022-07-01,2.670000
2022-08-01,3.150000
2022-09-01,3.830000
2022-10-01,4.100000
2022-11-01,3.680000
2022-12-01,3.880000
2023-01-01,3.520000
2023-02-01,3.920000
2023-03-01,3.480000
2023-04-01,3.440000
2023-05-01,3.640000
2023-06-01,3.810000
2023-07-01,3.970000
2023-08-01,4.090000
2023-09-01,4.590000
2023-10-01,4.880000
2023-11-01,4.370000
2023-12-01,3.880000
2024-01-01,3.990000
2024-02-01,4.250000
2024-03-01,4.200000
2024-04-01,4.690000
2024-05-01,4.510000
2024-06-01,4.360000
2024-07-01,4.090000
2024-08-01,3.910000
2024-09-01,3.810000
2024-10-01,4.280000
2024-11-01,4.180000
2024-12-01,4.580000
2025-01-01,4.580000
2025-02-01,4.240000
2025-03-01,4.230000
2025-04-01,4.170000
2025-05-01,4.410000
2025-06-01,4.240000
2025-07-01,4.370000
2025-08-01,4.230000
2025-09-01,4.160000
2025-10-01,4.110000
2025-11-01,4.020000
2025-12-01,4.180000
2026-01-01,4.260000
2026-02-01,3.970000
2026-03-01,4.300000
2026-04-01,4.400000
2026-05-01,4.450000
2026-06-01,4.440000
2026-07-01,4.750000
2026-08-01,4.750000
2026-09-01,5.290000
2026-10-01,5.240000
