fecha,r_corta,r_larga,us_10a,us_ff,tc,inflacion
2001-07-01,11.600000,10.900000,5.070000,3.770000,9.168200,5.883498
2001-08-01,10.220000,,4.850000,3.650000,9.133200,5.928757
2001-09-01,12.190000,,4.600000,3.070000,9.425300,6.139490
2001-10-01,11.160000,11.090000,4.300000,2.490000,9.339100,5.890032
2001-11-01,10.210000,,4.780000,2.090000,9.225000,5.387833
2001-12-01,8.870000,10.280000,5.070000,1.820000,9.157400,4.403499
2002-01-01,8.440000,9.980000,5.070000,1.730000,9.163600,4.786357
2002-02-01,9.060000,9.930000,4.880000,1.740000,9.105000,4.788344
2002-03-01,8.610000,9.720000,5.420000,1.730000,9.064000,4.661247
2002-04-01,7.120000,9.850000,5.110000,1.750000,9.164900,4.704792
2002-05-01,7.630000,9.200000,5.080000,1.750000,9.509900,4.676814
2002-06-01,8.650000,9.950000,4.860000,1.750000,9.767100,4.938986
2002-07-01,8.730000,10.170000,4.510000,1.730000,9.779200,5.514387
2002-08-01,7.950000,10.230000,4.140000,1.740000,9.838900,5.291754
2002-09-01,8.740000,10.220000,3.630000,1.750000,10.070800,4.948115
2002-10-01,9.100000,11.170000,3.930000,1.750000,10.094100,4.936412
2002-11-01,8.730000,10.960000,4.220000,1.340000,10.195200,5.388107
2002-12-01,8.640000,10.120000,3.830000,1.240000,10.225100,5.700480
2003-01-01,9.380000,10.120000,4.000000,1.240000,10.622300,5.157062
2003-02-01,9.850000,10.090000,3.710000,1.260000,10.944700,5.516998
2003-03-01,10.040000,10.580000,3.830000,1.250000,10.905300,5.642671
2003-04-01,8.700000,9.530000,3.890000,1.260000,10.588700,5.248112
2003-05-01,6.740000,8.490000,3.370000,1.260000,10.252800,4.696299
2003-06-01,6.190000,8.070000,3.540000,1.220000,10.502800,4.274374
2003-07-01,5.700000,8.740000,4.490000,1.010000,10.458100,4.126582
2003-08-01,5.540000,8.880000,4.450000,1.030000,10.783000,4.043346
2003-09-01,5.500000,8.370000,3.960000,1.010000,10.922900,4.036960
2003-10-01,5.930000,8.240000,4.330000,1.010000,11.179600,3.960211
2003-11-01,5.830000,8.350000,4.340000,1.000000,11.149400,3.982120
2003-12-01,6.570000,8.320000,4.270000,0.980000,11.251500,3.976522
2004-01-01,5.550000,8.320000,4.160000,1.000000,10.920300,4.201510
2004-02-01,6.070000,8.380000,3.990000,1.010000,11.031900,4.534442
2004-03-01,6.550000,8.600000,3.860000,1.000000,11.019000,4.230729
2004-04-01,6.370000,8.920000,4.530000,1.000000,11.270100,4.210113
2004-05-01,7.310000,10.100000,4.660000,1.000000,11.519900,4.285220
2004-06-01,7.590000,10.300000,4.620000,1.030000,11.392600,4.366146
2004-07-01,7.630000,9.780000,4.500000,1.260000,11.467800,4.488255
2004-08-01,7.840000,10.030000,4.130000,1.430000,11.395300,4.818828
2004-09-01,8.060000,10.270000,4.140000,1.610000,11.487000,5.060081
2004-10-01,8.460000,9.690000,4.050000,1.760000,11.403700,5.401236
2004-11-01,8.850000,10.350000,4.360000,1.930000,11.371000,5.425294
2004-12-01,9.030000,9.720000,4.240000,2.160000,11.201200,5.190848
2005-01-01,9.030000,10.020000,4.140000,2.280000,11.262700,4.544821
2005-02-01,9.590000,9.620000,4.360000,2.500000,11.137300,4.269424
2005-03-01,9.980000,10.260000,4.500000,2.630000,11.155200,4.385674
2005-04-01,10.220000,10.410000,4.210000,2.790000,11.112100,4.599581
2005-05-01,10.210000,9.840000,4.000000,3.000000,10.976400,4.599173
2005-06-01,10.010000,9.560000,3.940000,3.040000,10.819700,4.331553
2005-07-01,10.030000,9.370000,4.280000,3.260000,10.672400,4.466071
2005-08-01,10.030000,9.400000,4.020000,3.500000,10.686200,3.949132
2005-09-01,9.450000,8.500000,4.340000,3.620000,10.785800,3.509882
2005-10-01,9.250000,8.850000,4.570000,3.780000,10.835400,3.050248
2005-11-01,9.140000,8.730000,4.490000,4.000000,10.671500,2.914048
2005-12-01,8.640000,8.450000,4.390000,4.160000,10.626600,3.332741
2006-01-01,8.160000,8.250000,4.530000,4.290000,10.542200,3.935000
2006-02-01,7.930000,8.210000,4.550000,4.490000,10.484200,3.748373
2006-03-01,7.780000,8.250000,4.860000,4.590000,10.749300,3.412437
2006-04-01,7.720000,8.570000,5.070000,4.790000,11.048900,3.196536
2006-05-01,7.590000,8.810000,5.120000,4.940000,11.090800,2.995879
2006-06-01,7.680000,9.730000,5.150000,4.990000,11.393400,3.183866
2006-07-01,7.570000,8.690000,4.990000,5.240000,10.983000,3.063455
2006-08-01,7.480000,8.080000,4.740000,5.250000,10.873500,3.465846
2006-09-01,7.500000,8.230000,4.640000,5.250000,10.988800,4.093148
2006-10-01,7.650000,8.400000,4.610000,5.250000,10.885400,4.292249
2006-11-01,7.620000,7.880000,4.460000,5.250000,10.913300,4.090284
2006-12-01,7.600000,7.560000,4.710000,5.240000,10.854600,4.053276
2007-01-01,7.670000,7.430000,4.830000,5.250000,10.955900,3.980920
2007-02-01,7.670000,7.960000,4.560000,5.260000,10.995100,4.112255
2007-03-01,7.680000,7.820000,4.650000,5.260000,11.114400,4.206838
2007-04-01,7.610000,7.620000,4.630000,5.250000,10.980200,3.992135
2007-05-01,7.830000,7.700000,4.900000,5.250000,10.822100,3.947571
2007-06-01,7.820000,7.560000,5.030000,5.250000,10.833000,3.982607
2007-07-01,7.780000,7.620000,4.780000,5.260000,10.814600,4.138695
2007-08-01,7.790000,7.900000,4.540000,5.020000,11.043800,4.032073
2007-09-01,7.770000,7.880000,4.590000,4.940000,11.031900,3.792062
2007-10-01,7.780000,,4.480000,4.760000,10.821400,3.742971
2007-11-01,8.010000,7.930000,3.970000,4.490000,10.881100,3.929554
2007-12-01,8.000000,8.090000,4.040000,4.240000,10.846300,3.759038
2008-01-01,7.990000,7.650000,3.670000,3.940000,10.905700,3.704374
2008-02-01,7.930000,,3.530000,2.980000,10.767900,3.722741
2008-03-01,7.940000,7.530000,3.450000,2.610000,10.732800,4.248879
2008-04-01,7.960000,7.720000,3.770000,2.280000,10.514600,4.548542
2008-05-01,7.960000,,4.060000,1.980000,10.438100,4.947563
2008-06-01,8.100000,8.250000,3.990000,2.000000,10.326900,5.255461
2008-07-01,8.490000,9.260000,3.990000,2.010000,10.209400,5.394394
2008-08-01,8.710000,8.550000,3.830000,2.000000,10.115400,5.572937
2008-09-01,8.740000,,3.850000,1.810000,10.663300,5.473405
2008-10-01,8.760000,8.500000,4.010000,0.970000,12.659300,5.779932
2008-11-01,8.830000,9.820000,2.930000,0.390000,13.118600,6.232856
2008-12-01,8.820000,7.990000,2.250000,0.160000,13.416700,6.528145
2009-01-01,8.410000,,2.870000,0.150000,13.883900,6.282403
2009-02-01,7.860000,8.240000,3.020000,0.220000,14.606600,6.201342
2009-03-01,7.540000,7.750000,2.710000,0.180000,14.646600,6.043723
2009-04-01,6.500000,,3.160000,0.150000,13.403500,6.173275
2009-05-01,5.650000,7.550000,3.470000,0.180000,13.189500,5.978525
2009-06-01,5.180000,8.220000,3.530000,0.210000,13.341400,5.736118
2009-07-01,4.910000,8.090000,3.520000,0.160000,13.362300,5.436538
2009-08-01,4.950000,,3.400000,0.160000,13.006300,5.081960
2009-09-01,5.000000,8.000000,3.310000,0.150000,13.406000,4.894258
2009-10-01,5.000000,8.050000,3.410000,0.120000,13.227500,4.499497
2009-11-01,5.080000,,3.210000,0.120000,13.111500,3.861007
2009-12-01,5.070000,7.810000,3.850000,0.120000,12.862200,3.573538
2010-01-01,5.060000,,3.630000,0.110000,12.809600,4.457340
2010-02-01,5.030000,7.660000,3.610000,0.130000,12.939600,4.830055
2010-03-01,5.030000,,3.840000,0.160000,12.567300,4.970401
2010-04-01,5.030000,7.540000,3.690000,0.200000,12.239600,4.270977
2010-05-01,5.040000,7.490000,3.310000,0.200000,12.726200,3.916638
2010-06-01,5.010000,,2.970000,0.180000,12.710200,3.693150
2010-07-01,5.010000,6.880000,2.940000,0.180000,12.803800,3.636002
2010-08-01,4.990000,6.490000,2.470000,0.190000,12.766000,3.675796
2010-09-01,4.980000,6.250000,2.530000,0.190000,12.797700,3.699103
2010-10-01,4.950000,,2.630000,0.190000,12.439300,4.024538
2010-11-01,4.920000,6.130000,2.810000,0.190000,12.337600,4.316881
2010-12-01,4.950000,7.160000,3.300000,0.180000,12.390200,4.401585
2011-01-01,4.920000,,3.420000,0.170000,12.128000,3.782037
2011-02-01,4.880000,,3.420000,0.160000,12.064900,3.572331
2011-03-01,4.870000,,3.470000,0.140000,11.996300,3.039507
2011-04-01,4.880000,7.280000,3.320000,0.100000,11.705900,3.360668
2011-05-01,4.880000,,3.050000,0.090000,11.654200,3.249289
2011-06-01,4.890000,6.920000,3.180000,0.090000,11.805500,3.276469
2011-07-01,4.860000,6.900000,2.820000,0.070000,11.674100,3.547162
2011-08-01,4.850000,5.780000,2.230000,0.100000,12.236600,3.423692
2011-09-01,4.800000,,1.920000,0.080000,13.063700,3.136774
2011-10-01,4.810000,6.850000,2.170000,0.070000,13.437900,3.195647
2011-11-01,4.810000,6.380000,2.080000,0.080000,13.695500,3.482694
2011-12-01,4.810000,6.460000,1.890000,0.070000,13.774600,3.818757
2012-01-01,4.800000,,1.830000,0.080000,13.382900,4.046773
2012-02-01,4.800000,,1.980000,0.100000,12.783300,3.868634
2012-03-01,4.790000,,2.230000,0.130000,12.752300,3.729278
2012-04-01,4.760000,,1.950000,0.140000,13.055900,3.412079
2012-05-01,4.780000,6.220000,1.590000,0.160000,13.619900,3.851228
2012-06-01,4.780000,5.940000,1.670000,0.160000,13.919300,4.335223
2012-07-01,4.790000,5.120000,1.510000,0.160000,13.363800,4.419972
2012-08-01,4.800000,,1.570000,0.130000,13.179300,4.567938
2012-09-01,4.820000,5.440000,1.650000,0.140000,12.923500,4.771766
2012-10-01,4.840000,5.350000,1.720000,0.160000,12.897600,4.596095
2012-11-01,4.860000,5.520000,1.620000,0.160000,13.063900,4.179852
2012-12-01,4.860000,,1.780000,0.160000,12.865100,3.568290
2013-01-01,4.860000,5.470000,2.020000,0.140000,12.696400,3.254574
2013-02-01,4.820000,5.030000,1.890000,0.150000,12.724900,3.552289
2013-03-01,4.490000,,1.870000,0.140000,12.500000,4.252267
2013-04-01,4.340000,5.000000,1.700000,0.150000,12.206100,4.649423
2013-05-01,4.320000,4.640000,2.160000,0.110000,12.299300,4.631421
2013-06-01,4.310000,6.200000,2.520000,0.090000,12.963600,4.088026
2013-07-01,4.320000,,2.600000,0.090000,12.761500,3.472619
2013-08-01,4.310000,5.930000,2.780000,0.080000,12.912000,3.456530
2013-09-01,4.110000,6.130000,2.640000,0.080000,13.055300,3.390295
2013-10-01,3.970000,5.970000,2.570000,0.090000,12.991600,3.359115
2013-11-01,3.790000,,2.750000,0.080000,13.059700,3.618692
2013-12-01,3.790000,6.330000,3.040000,0.090000,13.009900,3.974041
2014-01-01,3.800000,6.460000,2.670000,0.070000,13.222000,4.482810
2014-02-01,3.800000,,2.660000,0.070000,13.292800,4.234437
2014-03-01,3.810000,6.320000,2.730000,0.080000,13.192900,3.758647
2014-04-01,3.810000,6.150000,2.670000,0.090000,13.066900,3.496709
2014-05-01,3.820000,5.870000,2.480000,0.090000,12.933000,3.510224
2014-06-01,3.440000,,2.530000,0.100000,12.993200,3.752589
2014-07-01,3.310000,5.690000,2.580000,0.090000,12.991400,4.072406
2014-08-01,3.310000,5.650000,2.350000,0.090000,13.143600,4.149911
2014-09-01,3.300000,,2.520000,0.090000,13.237000,4.217584
2014-10-01,3.300000,6.080000,2.350000,0.090000,13.479500,4.297757
2014-11-01,3.300000,5.980000,2.180000,0.090000,13.614800,4.167869
2014-12-01,3.310000,5.900000,2.170000,0.120000,14.520500,4.081322
2015-01-01,3.310000,,1.680000,0.110000,14.697200,3.065642
2015-02-01,3.310000,5.310000,2.000000,0.110000,14.917000,3.000266
2015-03-01,3.330000,6.040000,1.940000,0.110000,15.237500,3.137075
2015-04-01,3.310000,5.830000,2.050000,0.120000,15.194300,3.062327
2015-05-01,3.310000,,2.120000,0.120000,15.279600,2.876643
2015-06-01,3.310000,6.250000,2.350000,0.130000,15.479200,2.870780
2015-07-01,3.320000,6.070000,2.200000,0.130000,15.951500,2.739047
2015-08-01,3.350000,,2.210000,0.140000,16.534000,2.587317
2015-09-01,3.360000,6.070000,2.060000,0.140000,16.838700,2.518892
2015-10-01,3.320000,,2.160000,0.120000,16.569700,2.479728
2015-11-01,3.380000,6.180000,2.210000,0.120000,16.630600,2.214853
2015-12-01,3.500000,,2.270000,0.240000,17.069600,2.130813
2016-01-01,3.590000,6.230000,1.940000,0.340000,18.064800,2.613105
2016-02-01,3.780000,6.070000,1.740000,0.380000,18.433200,2.867251
2016-03-01,4.110000,6.030000,1.780000,0.360000,17.630300,2.601010
2016-04-01,4.120000,,1.830000,0.370000,17.479500,2.541579
2016-05-01,4.140000,5.910000,1.840000,0.370000,18.136000,2.596662
2016-06-01,4.210000,6.080000,1.490000,0.380000,18.653800,2.537988
2016-07-01,4.660000,,1.460000,0.390000,18.615500,2.654829
2016-08-01,4.690000,6.010000,1.580000,0.400000,18.474200,2.727437
2016-09-01,4.720000,5.990000,1.600000,0.400000,19.243600,2.968949
2016-10-01,5.190000,6.090000,1.840000,0.400000,18.891200,3.063623
2016-11-01,5.590000,,2.370000,0.410000,20.008600,3.305351
2016-12-01,6.020000,7.250000,2.450000,0.540000,20.499200,3.360274
2017-01-01,6.280000,7.600000,2.450000,0.650000,21.391100,4.718281
2017-02-01,6.570000,,2.360000,0.660000,20.300800,4.864232
2017-03-01,6.780000,7.400000,2.400000,0.790000,19.280000,5.352562
2017-04-01,6.930000,7.240000,2.290000,0.900000,18.767200,5.817170
2017-05-01,7.050000,7.320000,2.210000,0.910000,18.766600,6.164014
2017-06-01,7.310000,,2.310000,1.040000,18.129300,6.313656
2017-07-01,7.380000,6.880000,2.300000,1.150000,17.808100,6.438164
2017-08-01,7.390000,6.890000,2.120000,1.160000,17.796900,6.663488
2017-09-01,7.390000,6.790000,2.330000,1.150000,17.830500,6.347847
2017-10-01,7.400000,,2.380000,1.150000,18.821500,6.371532
2017-11-01,7.410000,7.190000,2.420000,1.160000,18.930600,6.634523
2017-12-01,7.560000,7.530000,2.400000,1.300000,19.176500,6.773048
2018-01-01,7.700000,,2.720000,1.410000,18.911800,5.545835
2018-02-01,7.840000,7.640000,2.870000,1.420000,18.647300,5.339217
2018-03-01,7.860000,7.520000,2.740000,1.510000,18.590100,5.035412
2018-04-01,7.860000,7.540000,2.950000,1.690000,18.387600,4.550784
2018-05-01,7.890000,,2.830000,1.700000,19.552500,4.506269
2018-06-01,8.020000,7.880000,2.850000,1.820000,20.287800,4.646858
2018-07-01,8.150000,7.750000,2.960000,1.910000,18.985600,4.811406
2018-08-01,8.140000,7.830000,2.860000,1.910000,18.863300,4.904528
2018-09-01,8.170000,,3.050000,1.950000,18.999100,5.019574
2018-10-01,8.170000,8.170000,3.150000,2.190000,19.195800,4.903636
2018-11-01,8.370000,9.110000,3.010000,2.200000,20.244800,4.716534
2018-12-01,8.500000,,2.690000,2.270000,20.097200,4.830546
2019-01-01,8.620000,8.710000,2.630000,2.400000,19.170400,4.365606
2019-02-01,8.570000,8.490000,2.730000,2.400000,19.195300,3.940276
2019-03-01,8.520000,8.010000,2.410000,2.410000,19.244200,4.004178
2019-04-01,8.500000,,2.510000,2.420000,18.964100,4.413454
2019-05-01,8.510000,8.240000,2.140000,2.390000,19.111000,4.281993
2019-06-01,8.520000,7.680000,2.000000,2.380000,19.272800,3.947147
2019-07-01,8.450000,,2.020000,2.400000,19.045200,3.781338
2019-08-01,8.330000,7.530000,1.500000,2.130000,19.682800,3.162441
2019-09-01,8.110000,7.080000,1.680000,2.040000,19.547000,2.997513
2019-10-01,7.890000,6.870000,1.690000,1.830000,19.319300,3.019519
2019-11-01,7.700000,,1.780000,1.550000,19.326100,2.974497
2019-12-01,7.560000,7.140000,1.920000,1.550000,19.102400,2.828577
2020-01-01,7.440000,6.850000,1.510000,1.550000,18.806600,3.238352
2020-02-01,7.300000,6.470000,1.130000,1.580000,18.842300,3.696194
2020-03-01,6.980000,,0.700000,0.650000,22.378500,3.249063
2020-04-01,6.430000,7.370000,0.640000,0.050000,24.179800,2.148149
2020-05-01,5.930000,6.060000,0.650000,0.050000,23.524000,2.837271
2020-06-01,5.640000,,0.660000,0.080000,22.306900,3.334011
2020-07-01,5.200000,5.810000,0.550000,0.090000,22.395200,3.623405
2020-08-01,4.950000,5.770000,0.720000,0.100000,22.201700,4.048423
2020-09-01,4.710000,5.680000,0.690000,0.090000,21.661300,4.013777
2020-10-01,4.530000,,0.880000,0.090000,21.280400,4.086964
2020-11-01,4.490000,6.070000,0.840000,0.090000,20.456600,3.331878
2020-12-01,4.480000,5.670000,0.930000,0.090000,19.960400,3.150074
2021-01-01,4.440000,5.610000,1.110000,0.090000,19.941200,3.535093
2021-02-01,4.330000,,1.440000,0.080000,20.329600,3.759040
2021-03-01,4.240000,6.250000,1.740000,0.070000,20.750000,4.666879
2021-04-01,4.250000,6.680000,1.650000,0.070000,20.037600,6.084819
2021-05-01,4.260000,,1.580000,0.060000,19.964400,5.893823
2021-06-01,4.310000,6.540000,1.450000,0.080000,20.031400,5.878606
2021-07-01,4.580000,6.900000,1.240000,0.100000,19.966400,5.805815
2021-08-01,4.710000,6.980000,1.300000,0.090000,20.075000,5.592072
2021-09-01,4.800000,,1.520000,0.080000,20.046100,6.000148
2021-10-01,5.060000,7.610000,1.550000,0.080000,20.439900,6.239542
2021-11-01,5.270000,7.540000,1.430000,0.080000,20.869800,7.374881
2021-12-01,5.620000,7.570000,1.520000,0.080000,20.926000,7.355108
2022-01-01,5.870000,,1.790000,0.080000,20.507400,7.070139
2022-02-01,6.180000,7.680000,1.830000,0.080000,20.457800,7.279974
2022-03-01,6.570000,8.600000,2.320000,0.200000,20.544400,7.453677
2022-04-01,6.980000,8.860000,2.890000,0.330000,20.090800,7.682503
2022-05-01,7.380000,8.870000,2.850000,0.770000,20.057500,7.652621
2022-06-01,7.840000,9.220000,2.980000,1.210000,20.010100,7.986339
2022-07-01,8.350000,8.780000,2.670000,1.680000,20.546400,8.150806
2022-08-01,8.810000,,3.150000,2.330000,20.113000,8.695423
2022-09-01,9.220000,9.100000,3.830000,2.560000,20.068900,8.699750
2022-10-01,9.900000,9.520000,4.100000,3.080000,19.977200,8.406816
2022-11-01,10.390000,9.750000,3.680000,3.780000,19.454300,7.796619
2022-12-01,10.820000,8.940000,3.880000,4.100000,19.614800,7.817029
2023-01-01,10.940000,8.690000,3.520000,4.330000,18.970500,7.910036
2023-02-01,11.270000,9.380000,3.920000,4.570000,18.636800,7.618864
2023-03-01,11.510000,,3.480000,4.650000,18.389200,6.849258
2023-04-01,11.640000,8.890000,3.440000,4.830000,18.094800,6.252845
2023-05-01,11.590000,8.760000,3.640000,5.060000,17.748900,5.835303
2023-06-01,11.510000,8.570000,3.810000,5.080000,17.240700,5.055554
2023-07-01,11.500000,,3.970000,5.120000,16.892900,4.785763
2023-08-01,11.500000,9.100000,4.090000,5.330000,16.976700,4.638014
2023-09-01,11.510000,9.680000,4.590000,5.330000,17.306700,4.454488
2023-10-01,11.510000,,4.880000,5.330000,18.058900,4.257000
2023-11-01,11.510000,10.230000,4.370000,5.330000,17.359400,4.323913
2023-12-01,11.500000,9.390000,3.880000,5.330000,17.192700,4.660890
2024-01-01,11.660000,9.310000,3.990000,5.330000,17.093200,4.883929
2024-02-01,11.650000,,4.250000,5.330000,17.093700,4.400762
2024-03-01,11.610000,9.200000,4.200000,5.330000,16.769300,4.420939
2024-04-01,11.410000,9.850000,4.690000,5.330000,16.800800,4.653210
2024-05-01,11.400000,9.640000,4.510000,5.330000,16.803300,4.686768
2024-06-01,11.390000,,4.360000,5.330000,18.194600,4.976056
2024-07-01,11.400000,9.950000,4.090000,5.330000,18.100200,5.566164
2024-08-01,11.230000,9.740000,3.910000,5.330000,19.138200,
2024-09-01,11.140000,9.210000,3.810000,5.130000,19.596300,
2024-10-01,10.890000,10.060000,4.280000,4.830000,19.718300,
2024-11-01,10.800000,10.020000,4.180000,4.640000,20.338100,
2024-12-01,10.640000,10.430000,4.580000,4.480000,20.261600,
2025-01-01,10.380000,10.330000,4.580000,4.330000,20.536700,
2025-02-01,9.960000,9.850000,4.240000,4.330000,20.472800,
2025-03-01,9.820000,,4.230000,4.330000,20.223500,
2025-04-01,9.350000,9.260000,4.170000,4.330000,20.038700,
2025-05-01,9.120000,9.410000,4.410000,4.330000,19.457300,
2025-06-01,8.800000,9.390000,4.240000,4.330000,19.020300,
2025-07-01,8.310000,9.470000,4.370000,4.330000,18.688600,
2025-08-01,8.140000,9.140000,4.230000,4.330000,18.706300,
2025-09-01,8.070000,8.790000,4.160000,4.220000,18.478900,
2025-10-01,7.860000,8.710000,4.110000,4.090000,18.424600,
2025-11-01,7.660000,8.960000,4.020000,3.880000,18.419300,
2025-12-01,7.520000,9.200000,4.180000,3.720000,18.070800,
2026-01-01,7.340000,9.210000,4.260000,3.640000,17.644600,
2026-02-01,7.330000,8.740000,3.970000,3.640000,17.228000,
2026-03-01,7.280000,,4.300000,3.640000,17.770000,
2026-04-01,7.060000,8.880000,4.400000,3.640000,17.454400,
2026-05-01,6.860000,9.450000,4.450000,3.630000,17.310200,
2026-06-01,6.760000,,4.440000,3.630000,17.379200,
2026-07-01,6.800000,9.020000,4.750000,3.630000,17.455700,
2026-08-01,6.790000,9.160000,4.750000,3.630000,17.060900,
2026-09-01,,,5.010000,,,
